label,text
Termination,"Either party may terminate this Agreement upon thirty (30) days' written notice to the other party."
Termination,"This Agreement may be terminated immediately by the Company for cause, including any material breach that remains uncured for ten (10) days after notice."
Termination,"The Client may terminate this engagement at any time, for any reason or no reason, upon written notice, without further obligation to the Contractor."
Termination,"Upon termination of this Agreement, all licenses granted herein shall immediately cease, and each party shall return or destroy the other party's Confidential Information."
Termination,"The Company reserves the right to terminate this Agreement at its sole discretion, effective immediately, without prior notice or liability."
Termination,"This Agreement shall terminate automatically upon the completion of the Services described in Exhibit A, unless earlier terminated as provided herein."
Termination,"Either party may terminate this Agreement for convenience by providing sixty (60) days' advance written notice."
Termination,"In the event of insolvency, bankruptcy, or assignment for the benefit of creditors by either party, the other party may terminate this Agreement immediately."
Termination,"Termination of this Agreement shall not relieve either party of obligations accrued prior to the effective date of termination."
Termination,"The Vendor may suspend or terminate access to the Services if payment is not received within fifteen (15) days of the due date."
Termination,"This Agreement may be terminated by mutual written consent of both parties at any time."
Termination,"Should either party fail to perform any material obligation under this Agreement and fail to remedy such failure within thirty (30) days of written notice, the non-breaching party may terminate this Agreement."
Termination,"Upon expiration or termination, the Employee shall immediately return all Company property, including devices, documents, and access credentials."
Termination,"The Licensor may terminate this license without notice if the Licensee is found to be using the Software in violation of Section 3."
Liability,"In no event shall either party be liable for any indirect, incidental, special, or consequential damages arising out of this Agreement."
Liability,"Each party's total cumulative liability under this Agreement shall not exceed the total fees paid in the twelve (12) months preceding the claim."
Liability,"The Contractor's liability under this Agreement shall be unlimited and shall extend to all direct, indirect, and consequential damages, without any cap."
Liability,"Neither party shall be liable to the other for loss of profits, loss of data, or business interruption, regardless of the legal theory asserted."
Liability,"The Company shall not be liable for any damages exceeding the amount actually paid by the Client under this Agreement."
Liability,"The Supplier assumes unlimited liability for any and all losses, damages, or claims arising from the use of the Product, with no limitation of any kind."
Liability,"Notwithstanding anything to the contrary, neither party's liability arising from a breach of confidentiality shall be subject to any limitation set forth in this Section."
Liability,"Each party agrees that the other party's maximum aggregate liability arising out of or related to this Agreement shall not exceed $50,000."
Liability,"The parties agree that liability for gross negligence or willful misconduct shall not be limited or excluded under this Agreement."
Liability,"In no event shall the Vendor's liability for any claim exceed the fees paid by the Customer during the three (3) months preceding the event giving rise to the claim."
Liability,"The Company disclaims any liability whatsoever for damages of any kind, and the Client accepts all risk associated with use of the Services."
Liability,"Liability for bodily injury or death caused by a party's negligence shall not be capped under any provision of this Agreement."
Confidentiality,"Each party agrees to hold the other party's Confidential Information in strict confidence and not to disclose it to any third party without prior written consent."
Confidentiality,"The obligations of confidentiality set forth in this Section shall survive termination of this Agreement for a period of five (5) years."
Confidentiality,"The receiving party shall keep all Confidential Information confidential in perpetuity, with no time limitation whatsoever."
Confidentiality,"Confidential Information does not include information that is independently developed by the receiving party or becomes publicly available through no fault of the receiving party."
Confidentiality,"Each party shall use the other party's Confidential Information solely for the purpose of performing its obligations under this Agreement."
Confidentiality,"The Employee agrees not to disclose any trade secrets or proprietary information of the Company during or after their employment, without any time limit on this restriction."
Confidentiality,"Upon request, the receiving party shall promptly return or destroy all copies of the disclosing party's Confidential Information."
Confidentiality,"Both parties acknowledge that unauthorized disclosure of Confidential Information may cause irreparable harm, entitling the injured party to seek injunctive relief."
Confidentiality,"Confidential Information shall be disclosed only to employees and contractors who have a need to know and are bound by confidentiality obligations no less protective than those herein."
Confidentiality,"The Contractor agrees to implement reasonable security measures to protect the confidentiality of all Client data."
Confidentiality,"Notwithstanding the foregoing, a party may disclose Confidential Information as required by law, provided it gives prompt notice to the other party."
Confidentiality,"This confidentiality obligation shall not apply to information already known to the receiving party prior to disclosure."
"Payment Terms","The Client shall pay all invoiced amounts within thirty (30) days of the invoice date."
"Payment Terms","All fees paid under this Agreement are non-refundable under any circumstances, including early termination."
"Payment Terms","Late payments shall accrue interest at a rate of 1.5% per month, or the maximum rate permitted by law, whichever is lower."
"Payment Terms","The Company reserves the right to suspend Services immediately upon any late payment, without further notice."
"Payment Terms","Payment shall be made in U.S. Dollars via wire transfer to the account designated by the Contractor."
"Payment Terms","A late fee of $100 shall be assessed for each payment received more than ten (10) days after its due date."
"Payment Terms","The Customer shall reimburse the Vendor for all reasonable, pre-approved out-of-pocket expenses incurred in connection with the Services."
"Payment Terms","All prices are exclusive of applicable taxes, which shall be the sole responsibility of the Client."
"Payment Terms","In the event of a billing dispute, the Client shall notify the Company in writing within fifteen (15) days of the invoice date."
"Payment Terms","The Company may increase fees upon sixty (60) days' written notice prior to any renewal term."
"Payment Terms","No refunds shall be issued for partial billing periods or unused services."
"Payment Terms","Payment obligations under this Agreement are non-cancelable once services have commenced."
Indemnification,"Each party shall indemnify, defend, and hold harmless the other party from any third-party claims arising out of its breach of this Agreement."
Indemnification,"The Contractor agrees to indemnify and hold harmless the Client, its officers, and employees from any and all claims, without any limitation on the scope or amount of such indemnification."
Indemnification,"The Vendor shall indemnify the Customer against claims of intellectual property infringement arising from use of the Product as intended."
Indemnification,"Each party's indemnification obligations shall be subject to the liability cap set forth in Section 8."
Indemnification,"The Client agrees to indemnify the Company for any losses resulting from the Client's misuse of the Services or violation of applicable law."
Indemnification,"The indemnifying party shall have sole control over the defense and settlement of any indemnified claim, provided it does not admit fault on behalf of the indemnified party without consent."
Indemnification,"The Supplier's indemnification obligations extend to all direct and indirect damages, attorney's fees, and costs, with no cap or exclusion of any kind."
Indemnification,"Neither party shall be required to indemnify the other for claims arising from the indemnified party's own gross negligence or willful misconduct."
Indemnification,"The Licensee shall indemnify the Licensor against any claims arising from unauthorized use or modification of the Licensed Software."
Indemnification,"This indemnification obligation shall survive termination or expiration of this Agreement."
Indemnification,"The Company shall indemnify the Reseller for third-party claims related to defects in the Product, up to the amount of fees paid in the preceding year."
Indemnification,"Each party agrees to promptly notify the other of any claim for which indemnification may be sought under this Section."
"Auto-Renewal","This Agreement shall automatically renew for successive one-year terms unless either party provides written notice of non-renewal at least sixty (60) days prior to the end of the then-current term."
"Auto-Renewal","The subscription will automatically renew each month, and the Customer's payment method will be charged accordingly unless cancelled prior to the renewal date."
"Auto-Renewal","This Agreement renews automatically for successive terms of equal length unless terminated by either party in accordance with Section 12."
"Auto-Renewal","Failure to provide notice of non-renewal within the required timeframe shall result in automatic renewal of this Agreement under the same terms and conditions."
"Auto-Renewal","The initial term shall be one (1) year, after which this Agreement shall automatically renew for additional one-year periods absent written notice of termination."
"Auto-Renewal","Auto-renewal fees will be charged at the then-current list price, which may differ from the price paid during the initial term."
"Auto-Renewal","Unless cancelled at least ninety (90) days before expiration, this Agreement will automatically extend for an additional two-year term."
"Auto-Renewal","The parties acknowledge that this Agreement does not renew automatically and requires a new signed agreement for any extension."
"Auto-Renewal","This Agreement's automatic renewal provision may only be waived by mutual written agreement of both parties."
"Auto-Renewal","Notice of intent not to renew must be delivered in writing via certified mail no less than forty-five (45) days before the renewal date."
"Governing Law","This Agreement shall be governed by and construed in accordance with the laws of the State of Delaware, without regard to its conflict of laws principles."
"Governing Law","Any dispute arising under this Agreement shall be subject to the exclusive jurisdiction of the courts located in New York County, New York."
"Governing Law","This Agreement and any disputes arising hereunder shall be governed by the laws of England and Wales."
"Governing Law","The parties consent to the personal jurisdiction of the state and federal courts located in San Francisco, California."
"Governing Law","This Agreement shall be interpreted under the laws of India, and the courts of Mumbai shall have exclusive jurisdiction over any disputes."
"Governing Law","Nothing in this Section shall prevent either party from seeking injunctive relief in any court of competent jurisdiction."
"Governing Law","This Agreement shall be governed by the substantive laws of the State of Texas, excluding its choice-of-law provisions."
"Governing Law","The parties agree that Singapore law shall govern this Agreement in its entirety."
"Governing Law","Any legal action relating to this Agreement must be brought exclusively in the courts of the jurisdiction where the Company is headquartered."
"Governing Law","This Agreement shall be construed under the laws of the Province of Ontario, Canada."
"Dispute Resolution","Any dispute arising out of this Agreement shall be resolved through binding arbitration administered by the American Arbitration Association."
"Dispute Resolution","The parties agree to first attempt to resolve any dispute through good-faith negotiation before pursuing formal legal action."
"Dispute Resolution","All disputes shall be resolved exclusively through binding arbitration, and both parties expressly waive their right to a jury trial."
"Dispute Resolution","The Client waives any right to participate in a class action lawsuit against the Company arising from this Agreement."
"Dispute Resolution","Any controversy arising out of this Agreement shall be settled by mediation prior to initiating arbitration or litigation."
"Dispute Resolution","Arbitration proceedings under this Section shall be conducted in English and take place in London."
"Dispute Resolution","Nothing in this arbitration clause shall preclude either party from seeking emergency injunctive relief in a court of competent jurisdiction."
"Dispute Resolution","The prevailing party in any dispute shall be entitled to recover reasonable attorneys' fees and costs from the other party."
"Dispute Resolution","Each party irrevocably waives any right to a trial by jury in any proceeding arising out of this Agreement."
"Dispute Resolution","Disputes valued under $10,000 shall be resolved in small claims court rather than through arbitration."
"Force Majeure","Neither party shall be liable for any failure to perform its obligations due to causes beyond its reasonable control, including acts of God, war, or natural disaster."
"Force Majeure","A Force Majeure event shall not excuse either party's obligation to make payments already due under this Agreement."
"Force Majeure","If a Force Majeure event continues for more than sixty (60) days, either party may terminate this Agreement without penalty."
"Force Majeure","The affected party shall notify the other party in writing within five (5) business days of the onset of any Force Majeure event."
"Force Majeure","Force Majeure events include, but are not limited to, pandemics, government action, labor disputes, and failures of telecommunications or utilities."
"Force Majeure","Neither party shall be excused from performance under this Agreement for any Force Majeure event that was reasonably foreseeable at signing."
"Force Majeure","The party affected by a Force Majeure event shall use commercially reasonable efforts to mitigate the impact and resume performance."
"Force Majeure","This Section shall not apply to obligations to pay money that has already accrued prior to the Force Majeure event."
Warranty,"The Company warrants that the Services will be performed in a professional and workmanlike manner consistent with industry standards."
Warranty,"THE SOFTWARE IS PROVIDED 'AS IS', WITHOUT WARRANTY OF ANY KIND, EXPRESS OR IMPLIED, INCLUDING BUT NOT LIMITED TO WARRANTIES OF MERCHANTABILITY OR FITNESS FOR A PARTICULAR PURPOSE."
Warranty,"The Vendor disclaims all warranties, whether express, implied, or statutory, to the fullest extent permitted by applicable law."
Warranty,"The Contractor warrants that the Deliverables will be free from material defects for a period of ninety (90) days following delivery."
Warranty,"Except as expressly set forth herein, neither party makes any warranties, and each party expressly disclaims all implied warranties."
Warranty,"The Company warrants good and clear title to the Products, free of any liens or encumbrances, at the time of delivery."
Warranty,"Any warranty claims must be submitted in writing within thirty (30) days of discovering the defect, or the claim shall be waived."
Warranty,"The Licensor makes no warranty that the Software will be uninterrupted, error-free, or fully compatible with all systems."
Warranty,"The Seller warrants that the goods delivered under this Agreement conform to the specifications set forth in Exhibit B."
Warranty,"All warranties provided under this Agreement are void if the Product has been modified or misused by the Client."
"Intellectual Property","All intellectual property rights in the Deliverables shall vest exclusively in the Client upon full payment of all fees due."
"Intellectual Property","The Contractor retains ownership of all pre-existing intellectual property and grants the Client a non-exclusive license to use it solely in connection with the Deliverables."
"Intellectual Property","Any inventions, improvements, or works created by the Employee during the course of employment shall be the sole and exclusive property of the Company."
"Intellectual Property","Each party retains ownership of its own pre-existing intellectual property, and no license is granted except as expressly stated herein."
"Intellectual Property","The Licensee is granted a limited, non-transferable, revocable license to use the Software solely for internal business purposes."
"Intellectual Property","All trademarks, trade names, and logos used in connection with this Agreement remain the exclusive property of their respective owners."
"Intellectual Property","The Company hereby assigns all right, title, and interest in the Work Product to the Client, including all associated intellectual property rights."
"Intellectual Property","Any feedback or suggestions provided by the Client regarding the Product may be freely used by the Company without compensation or attribution."
"Intellectual Property","Nothing in this Agreement shall be construed to grant either party any rights to the other party's trademarks without prior written consent."
"Intellectual Property","The Vendor grants the Customer a perpetual, worldwide, royalty-free license to use the Deliverables for any purpose."
"Non-Compete","During the term of employment and for twelve (12) months thereafter, the Employee shall not engage in any business that directly competes with the Company within the same geographic market."
"Non-Compete","The Contractor agrees not to solicit or provide services to any client of the Company for a period of one (1) year following termination of this Agreement."
"Non-Compete","The Employee shall not, for a period of two (2) years after termination, work for or consult with any direct competitor of the Company anywhere in the world."
"Non-Compete","This non-compete restriction shall not apply if the Employee is terminated without cause."
"Non-Compete","The Seller agrees not to engage in a competing business within a 50-mile radius of the Company's headquarters for three (3) years following the sale."
"Non-Compete","Any non-solicitation obligation under this Section shall extend to both clients and employees of the Company."
"Non-Compete","The scope of this non-compete clause is limited to the specific industry and services provided by the Company as of the Effective Date."
"Non-Compete","The Employee acknowledges that this non-compete covenant is reasonable in scope, duration, and geographic area given the nature of the Company's business."
